{"ID":33398702,"ra":344.420449437894,"dec":-8.06747255937119,"sector":42,"camera":1,"ccd":1}
